Year,Month,mean,sd,skewness,kurtosis,contrast,dissimilarity,homogeneity,ASM,entropy,energy,lag1_mean,lag2_mean,lag3_mean,lag4_mean
1993,1,-9.852119,0.30262887,0.4459804383773252,-1.001486301603586,0.16666666666666666,0.16666666666666666,0.9166666666666666,0.375,1.6258145836939115,0.6123724356957945,,,,
1993,2,-9.963833,0.30306664,0.5374148893930335,-1.0157357951965986,0.16666666666666666,0.16666666666666666,0.9166666666666666,0.375,1.6258145836939115,0.6123724356957945,-9.852119,,,
1993,3,-9.856525,0.20836148,0.6975761697099591,-0.4931189736618853,0.0,0.0,1.0,0.5555555555555556,0.9182958340544896,0.7453559924999299,-9.963833,-9.852119,,
1993,4,-9.925649,0.29003543,0.6680675979120225,-0.41250959112673957,0.16666666666666666,0.16666666666666666,0.9166666666666666,0.375,1.6258145836939115,0.6123724356957945,-9.856525,-9.963833,-9.852119,
1993,5,-9.439488,0.2479582,0.6865306459223,-0.4611531194510605,0.16666666666666666,0.16666666666666666,0.9166666666666666,0.7083333333333334,0.8166890883150209,0.8416254115301732,-9.925649,-9.856525,-9.963833,-9.852119
1993,6,-9.398925,0.25244924,0.5880573665915814,-0.44467575171540785,0.16666666666666666,0.16666666666666666,0.9166666666666666,0.7083333333333334,0.8166890883150209,0.8416254115301732,-9.439488,-9.925649,-9.856525,-9.963833
1993,7,-9.572755,0.2933347,0.7014387369110142,-0.353886076127651,0.16666666666666666,0.16666666666666666,0.9166666666666666,0.7083333333333334,0.8166890883150209,0.8416254115301732,-9.398925,-9.439488,-9.925649,-9.856525
1993,8,-9.42402,0.21373849,0.7914186859918032,-0.2896124936679332,0.16666666666666666,0.16666666666666666,0.9166666666666666,0.7083333333333334,0.8166890883150209,0.8416254115301732,-9.572755,-9.398925,-9.439488,-9.925649
1993,9,-9.362856,0.320947,0.49067032528580573,-0.9447282226819547,0.16666666666666666,0.16666666666666666,0.9166666666666665,0.48611111111111105,1.4182958340544896,0.6972166887783963,-9.42402,-9.572755,-9.398925,-9.439488
1993,10,-9.453697,0.31325904,0.41009921523978005,-1.3725781387730416,0.16666666666666666,0.16666666666666666,0.9166666666666666,0.7083333333333334,0.8166890883150209,0.8416254115301732,-9.362856,-9.42402,-9.572755,-9.398925
1993,11,-9.446616,0.24140048,0.38429186562310264,-1.1754777839427348,0.0,0.0,1.0,1.0,-0.0,1.0,-9.453697,-9.362856,-9.42402,-9.572755
1993,12,-9.478241,0.2622905,0.3229129943045054,-1.2977523456247357,0.0,0.0,1.0,1.0,-0.0,1.0,-9.446616,-9.453697,-9.362856,-9.42402
1994,1,-9.84613,0.29230455,0.4471978025316474,-1.2012952163869683,0.0,0.0,1.0,0.5555555555555556,0.9182958340544896,0.7453559924999299,-9.478241,-9.446616,-9.453697,-9.362856
1994,2,-9.870857,0.29231337,0.3998796916075174,-1.218597745340542,0.0,0.0,1.0,0.5555555555555556,0.9182958340544896,0.7453559924999299,-9.84613,-9.478241,-9.446616,-9.453697
1994,3,-9.940998,0.25211683,0.6991163873437778,-0.5608768756443174,0.16666666666666666,0.16666666666666666,0.9166666666666666,0.375,1.6258145836939115,0.6123724356957945,-9.870857,-9.84613,-9.478241,-9.446616
1994,4,-9.718948,0.23073252,0.7950508071967932,-0.26023248878386207,0.16666666666666666,0.16666666666666666,0.9166666666666666,0.7083333333333334,0.8166890883150209,0.8416254115301732,-9.940998,-9.870857,-9.84613,-9.478241
1994,5,-9.63625,0.23114404,0.6674876134395603,-0.643986552851397,0.0,0.0,1.0,1.0,-0.0,1.0,-9.718948,-9.940998,-9.870857,-9.84613
1994,6,-9.4763,0.24052759,0.7465360883073016,-0.26255370441244885,0.16666666666666666,0.16666666666666666,0.9166666666666666,0.7083333333333334,0.8166890883150209,0.8416254115301732,-9.63625,-9.718948,-9.940998,-9.870857
1994,7,-9.28699,0.23300983,0.5856133859493319,-0.5770662854600954,0.16666666666666666,0.16666666666666666,0.9166666666666666,0.7083333333333334,0.8166890883150209,0.8416254115301732,-9.4763,-9.63625,-9.718948,-9.940998
1994,8,-9.364803,0.19225004,0.9840542008037519,0.03800931277163233,0.16666666666666666,0.16666666666666666,0.9166666666666666,0.7083333333333334,0.8166890883150209,0.8416254115301732,-9.28699,-9.4763,-9.63625,-9.718948
1994,9,-9.406568,0.27194294,0.5267477877868044,-0.7870736257116038,0.16666666666666666,0.16666666666666666,0.9166666666666666,0.7083333333333334,0.8166890883150209,0.8416254115301732,-9.364803,-9.28699,-9.4763,-9.63625
1994,10,-9.482079,0.26282036,0.40329228696288527,-1.246142225164173,0.0,0.0,1.0,1.0,-0.0,1.0,-9.406568,-9.364803,-9.28699,-9.4763
1994,11,-9.636847,0.25124237,0.4621017096571661,-1.0275326003971208,0.0,0.0,1.0,1.0,-0.0,1.0,-9.482079,-9.406568,-9.364803,-9.28699
1994,12,-9.602053,0.23974858,0.41453515130344426,-0.9272021864874631,0.0,0.0,1.0,1.0,-0.0,1.0,-9.636847,-9.482079,-9.406568,-9.364803
1995,1,-9.83789,0.23193544,0.5171613520696832,-0.8572459439401827,0.0,0.0,1.0,0.5555555555555556,0.9182958340544896,0.7453559924999299,-9.602053,-9.636847,-9.482079,-9.406568
1995,2,-9.707795,0.23487452,0.4701540202954729,-1.0735662473152172,0.0,0.0,1.0,1.0,-0.0,1.0,-9.83789,-9.602053,-9.636847,-9.482079
1995,3,-9.946342,0.1939509,0.7054307185085635,-0.5073858078304125,0.16666666666666666,0.16666666666666666,0.9166666666666666,0.375,1.6258145836939115,0.6123724356957945,-9.707795,-9.83789,-9.602053,-9.636847
1995,4,-9999.0,0.0,,,0.0,0.0,1.0,1.0,-0.0,1.0,-9.946342,-9.707795,-9.83789,-9.602053
1995,5,-9.379264,0.23516765,0.8410969774016732,-0.27683465807887186,0.16666666666666666,0.16666666666666666,0.9166666666666666,0.7083333333333334,0.8166890883150209,0.8416254115301732,-9999.0,-9.946342,-9.707795,-9.83789
1995,6,-9.362896,0.27538136,0.5471779442228287,-0.5341992230139541,0.16666666666666666,0.16666666666666666,0.9166666666666666,0.7083333333333334,0.8166890883150209,0.8416254115301732,-9.379264,-9999.0,-9.946342,-9.707795
1995,7,-9.328853,0.33292875,0.5091506610633236,-0.5233183485752497,0.16666666666666666,0.16666666666666666,0.9166666666666666,0.7083333333333334,0.8166890883150209,0.8416254115301732,-9.362896,-9.379264,-9999.0,-9.946342
1995,8,-9.058818,0.21296068,0.8633604209019135,-0.2090777050641437,0.3333333333333333,0.3333333333333333,0.8333333333333334,0.33333333333333337,1.792481250360578,0.5773502691896258,-9.328853,-9.362896,-9.379264,-9999.0
1995,9,-9.496613,0.30675718,0.5311107040691181,-0.5684254598509919,0.16666666666666666,0.16666666666666666,0.9166666666666666,0.7083333333333334,0.8166890883150209,0.8416254115301732,-9.058818,-9.328853,-9.362896,-9.379264
1995,10,-9.389294,0.26998794,0.3004658798690026,-0.7761711125496578,0.16666666666666666,0.16666666666666666,0.9166666666666666,0.7083333333333334,0.8166890883150209,0.8416254115301732,-9.496613,-9.058818,-9.328853,-9.362896
1995,11,-9.193897,0.2357013,0.4196790004674835,-1.1828217910108205,0.16666666666666666,0.16666666666666666,0.9166666666666665,0.48611111111111105,1.4182958340544896,0.6972166887783963,-9.389294,-9.496613,-9.058818,-9.328853
1995,12,-9.407904,0.2956255,0.3346927712233848,-1.3405193821424735,0.16666666666666666,0.16666666666666666,0.9166666666666665,0.48611111111111105,1.4182958340544896,0.6972166887783963,-9.193897,-9.389294,-9.496613,-9.058818
1996,1,-9.414298,0.29571083,0.3722113255217689,-1.2780999431180313,0.16666666666666666,0.16666666666666666,0.9166666666666666,0.7083333333333334,0.8166890883150209,0.8416254115301732,-9.407904,-9.193897,-9.389294,-9.496613
1996,2,-9.305379,0.23912428,0.36336903647892294,-1.1550683109924433,0.16666666666666666,0.16666666666666666,0.9166666666666665,0.48611111111111105,1.4182958340544896,0.6972166887783963,-9.414298,-9.407904,-9.193897,-9.389294
1996,3,-9.421685,0.17076,0.7528153847191614,-0.47292933880964405,0.0,0.0,1.0,1.0,-0.0,1.0,-9.305379,-9.414298,-9.407904,-9.193897
1996,4,-9.704956,0.25059494,0.7129146589118063,-0.5284596133803343,0.16666666666666666,0.16666666666666666,0.9166666666666666,0.7083333333333334,0.8166890883150209,0.8416254115301732,-9.421685,-9.305379,-9.414298,-9.407904
1996,5,-9999.0,0.0,,,0.0,0.0,1.0,1.0,-0.0,1.0,-9.704956,-9.421685,-9.305379,-9.414298
1996,6,-9.592046,0.19914778,1.131511844543646,0.8726917943039458,0.0,0.0,1.0,1.0,-0.0,1.0,-9999.0,-9.704956,-9.421685,-9.305379
1996,7,-9.32544,0.37203535,-0.1599594053626674,-1.1396413982312592,0.33333333333333337,0.33333333333333337,0.8333333333333335,0.5000000000000001,1.2516291673878228,0.7071067811865476,-9.592046,-9999.0,-9.704956,-9.421685
1996,8,-9.769034,0.2534124,0.4512167650838676,-0.7319780799806392,0.33333333333333337,0.33333333333333337,0.8333333333333335,0.5000000000000001,1.2516291673878228,0.7071067811865476,-9.32544,-9.592046,-9999.0,-9.704956
1996,9,-9.517126,0.2587502,0.6639797327829385,-0.5724213267585472,0.16666666666666666,0.16666666666666666,0.9166666666666666,0.7083333333333334,0.8166890883150209,0.8416254115301732,-9.769034,-9.32544,-9.592046,-9999.0
1996,10,-9.698593,0.1602988,0.2577700122722791,-0.813488715902793,0.0,0.0,1.0,1.0,-0.0,1.0,-9.517126,-9.769034,-9.32544,-9.592046
1996,11,-9.492897,0.17909707,0.3152368485722311,-1.1314245123473472,0.0,0.0,1.0,1.0,-0.0,1.0,-9.698593,-9.517126,-9.769034,-9.32544
1996,12,-9.595339,0.17768537,0.2651754934895165,-1.1740743165556558,0.0,0.0,1.0,1.0,-0.0,1.0,-9.492897,-9.698593,-9.517126,-9.769034
1997,1,-9.869946,0.2266372,0.47162055792170965,-0.9460623481872856,0.0,0.0,1.0,0.5555555555555556,0.9182958340544896,0.7453559924999299,-9.595339,-9.492897,-9.698593,-9.517126
1997,2,-9.561435,0.24141452,0.23946757401806598,-1.1609546966447328,0.0,0.0,1.0,1.0,-0.0,1.0,-9.869946,-9.595339,-9.492897,-9.698593
1997,3,-9.549295,0.21022667,0.6620704013851495,-0.5851109388374613,0.0,0.0,1.0,1.0,-0.0,1.0,-9.561435,-9.869946,-9.595339,-9.492897
1997,4,-9.772663,0.20705025,0.6070561362410208,-0.6162992374464769,0.16666666666666666,0.16666666666666666,0.9166666666666666,0.7083333333333334,0.8166890883150209,0.8416254115301732,-9.549295,-9.561435,-9.869946,-9.595339
1997,5,-9.681785,0.24471718,0.6614981425842467,-0.43671412112934105,0.16666666666666666,0.16666666666666666,0.9166666666666666,0.7083333333333334,0.8166890883150209,0.8416254115301732,-9.772663,-9.549295,-9.561435,-9.869946
1997,6,-9.552372,0.24546319,0.2731291047217667,-0.8973067914585711,0.0,0.0,1.0,1.0,-0.0,1.0,-9.681785,-9.772663,-9.549295,-9.561435
1997,7,-9.474305,0.25223863,0.5645049355458541,-0.5575384845492639,0.16666666666666666,0.16666666666666666,0.9166666666666666,0.7083333333333334,0.8166890883150209,0.8416254115301732,-9.552372,-9.681785,-9.772663,-9.549295
1997,8,-9.305626,0.27734232,-0.028244615353321918,-1.2129904238255353,0.33333333333333337,0.33333333333333337,0.8333333333333335,0.5000000000000001,1.2516291673878228,0.7071067811865476,-9.474305,-9.552372,-9.681785,-9.772663
1997,9,-9.179866,0.23170896,0.32356048842182955,-0.6573112332140569,0.16666666666666666,0.16666666666666666,0.9166666666666665,0.48611111111111105,1.4182958340544896,0.6972166887783963,-9.305626,-9.474305,-9.552372,-9.681785
1997,10,-9.539182,0.31627485,0.39587383114044633,-1.156725745918029,0.16666666666666666,0.16666666666666666,0.9166666666666666,0.7083333333333334,0.8166890883150209,0.8416254115301732,-9.179866,-9.305626,-9.474305,-9.552372
1997,11,-9.744566,0.25660965,0.39055097055073806,-1.0960458602207077,0.16666666666666666,0.16666666666666666,0.9166666666666665,0.48611111111111105,1.4182958340544896,0.6972166887783963,-9.539182,-9.179866,-9.305626,-9.474305
1997,12,-9.660423,0.29489633,0.42048446732085887,-1.2735003886758696,0.16666666666666666,0.16666666666666666,0.9166666666666666,0.7083333333333334,0.8166890883150209,0.8416254115301732,-9.744566,-9.539182,-9.179866,-9.305626
1998,1,-9.379846,0.2601875,0.2243264653086406,-1.3776891019044757,0.0,0.0,1.0,1.0,-0.0,1.0,-9.660423,-9.744566,-9.539182,-9.179866
1998,2,-10.03428,0.28764793,0.4791439997505813,-0.9750142047868664,0.16666666666666666,0.16666666666666666,0.9166666666666666,0.375,1.6258145836939115,0.6123724356957945,-9.379846,-9.660423,-9.744566,-9.539182
1998,3,-9.670797,0.32238975,0.36993221457967446,-1.322290934607251,0.16666666666666666,0.16666666666666666,0.9166666666666666,0.7083333333333334,0.8166890883150209,0.8416254115301732,-10.03428,-9.379846,-9.660423,-9.744566
1998,4,-9.770903,0.2456557,0.6107587801761538,-0.5040522187939862,0.16666666666666666,0.16666666666666666,0.9166666666666666,0.7083333333333334,0.8166890883150209,0.8416254115301732,-9.670797,-10.03428,-9.379846,-9.660423
1998,5,-9.576203,0.27629164,0.5578554637648261,-0.5476545234250798,0.0,0.0,1.0,1.0,-0.0,1.0,-9.770903,-9.670797,-10.03428,-9.379846
1998,6,-9.353348,0.2543796,0.7901478217283544,-0.2811720487123055,0.16666666666666666,0.16666666666666666,0.9166666666666666,0.7083333333333334,0.8166890883150209,0.8416254115301732,-9.576203,-9.770903,-9.670797,-10.03428
1998,7,-9.249098,0.19747701,0.26604878897322265,-0.9173997460523107,0.16666666666666666,0.16666666666666666,0.9166666666666666,0.7083333333333334,0.8166890883150209,0.8416254115301732,-9.353348,-9.576203,-9.770903,-9.670797
1998,8,-9.39693,0.21417834,0.7464050842683612,-0.34351921200928315,0.16666666666666666,0.16666666666666666,0.9166666666666666,0.7083333333333334,0.8166890883150209,0.8416254115301732,-9.249098,-9.353348,-9.576203,-9.770903
1998,9,-9.285244,0.24323387,0.5522118778815552,-0.7680421725879829,0.16666666666666666,0.16666666666666666,0.9166666666666665,0.48611111111111105,1.4182958340544896,0.6972166887783963,-9.39693,-9.249098,-9.353348,-9.576203
1998,10,-9.270229,0.28735524,0.32037495685808437,-1.2508720993603804,0.16666666666666666,0.16666666666666666,0.9166666666666665,0.48611111111111105,1.4182958340544896,0.6972166887783963,-9.285244,-9.39693,-9.249098,-9.353348
1998,11,-9.250475,0.25239715,0.3610175916699675,-1.31238656278535,0.16666666666666666,0.16666666666666666,0.9166666666666665,0.48611111111111105,1.4182958340544896,0.6972166887783963,-9.270229,-9.285244,-9.39693,-9.249098
1998,12,-9.219903,0.2904154,0.357424612821562,-1.3914278414060226,0.0,0.0,1.0,0.5555555555555556,0.9182958340544896,0.7453559924999299,-9.250475,-9.270229,-9.285244,-9.39693
1999,1,-9.340314,0.27925718,0.3256647495424952,-1.3416423246213574,0.16666666666666666,0.16666666666666666,0.9166666666666665,0.48611111111111105,1.4182958340544896,0.6972166887783963,-9.219903,-9.250475,-9.270229,-9.285244
1999,2,-9.533633,0.24840035,0.4323407830576,-1.015432696382543,0.0,0.0,1.0,1.0,-0.0,1.0,-9.340314,-9.219903,-9.250475,-9.270229
1999,3,-9.581785,0.21489574,0.5363082328507217,-0.6918374820856696,0.0,0.0,1.0,1.0,-0.0,1.0,-9.533633,-9.340314,-9.219903,-9.250475
1999,4,-9.6967945,0.24577388,0.9255477059764037,-0.05217952059695463,0.16666666666666666,0.16666666666666666,0.9166666666666666,0.7083333333333334,0.8166890883150209,0.8416254115301732,-9.581785,-9.533633,-9.340314,-9.219903
1999,5,-9.683338,0.29348642,0.7305645871091191,-0.43571301709493815,0.16666666666666666,0.16666666666666666,0.9166666666666666,0.7083333333333334,0.8166890883150209,0.8416254115301732,-9.6967945,-9.581785,-9.533633,-9.340314
1999,6,-9.491958,0.31781334,0.5116862785454708,-0.44357454483450764,0.16666666666666666,0.16666666666666666,0.9166666666666666,0.7083333333333334,0.8166890883150209,0.8416254115301732,-9.683338,-9.6967945,-9.581785,-9.533633
1999,7,-9.12764,0.20377895,0.7333864894801034,-0.3640986174848697,0.33333333333333337,0.33333333333333337,0.8333333333333335,0.5000000000000001,1.2516291673878228,0.7071067811865476,-9.491958,-9.683338,-9.6967945,-9.581785
1999,8,-9.61305,0.23059991,0.5848542076031674,-0.5489106372458172,0.0,0.0,1.0,1.0,-0.0,1.0,-9.12764,-9.491958,-9.683338,-9.6967945
1999,9,-9.4348135,0.26296455,0.7342094817095282,-0.37438186412249586,0.16666666666666666,0.16666666666666666,0.9166666666666666,0.7083333333333334,0.8166890883150209,0.8416254115301732,-9.61305,-9.12764,-9.491958,-9.683338
1999,10,-9.259468,0.28665048,0.30792010876951575,-1.393847745366456,0.0,0.0,1.0,0.5555555555555556,0.9182958340544896,0.7453559924999299,-9.4348135,-9.61305,-9.12764,-9.491958
1999,11,-9.442405,0.22481434,0.7120891650350943,-0.47268082831758385,0.16666666666666666,0.16666666666666666,0.9166666666666666,0.7083333333333334,0.8166890883150209,0.8416254115301732,-9.259468,-9.4348135,-9.61305,-9.12764
1999,12,-9.487636,0.3106283,0.3233372558749061,-1.262247535775009,0.16666666666666666,0.16666666666666666,0.9166666666666666,0.7083333333333334,0.8166890883150209,0.8416254115301732,-9.442405,-9.259468,-9.4348135,-9.61305
2000,1,-9.357971,0.2770505,0.31424551922470584,-1.224047043780592,0.16666666666666666,0.16666666666666666,0.9166666666666665,0.48611111111111105,1.4182958340544896,0.6972166887783963,-9.487636,-9.442405,-9.259468,-9.4348135
2000,2,-9.369744,0.23963927,0.5857755634686516,-0.8462639152327078,0.16666666666666666,0.16666666666666666,0.9166666666666666,0.7083333333333334,0.8166890883150209,0.8416254115301732,-9.357971,-9.487636,-9.442405,-9.259468
2000,3,-9.466114,0.1726322,0.8701048548836423,-0.33428123991698433,0.0,0.0,1.0,1.0,-0.0,1.0,-9.369744,-9.357971,-9.487636,-9.442405
2000,4,-9.437039,0.23827596,0.8201842660889573,-0.39388941357972307,0.16666666666666666,0.16666666666666666,0.9166666666666666,0.7083333333333334,0.8166890883150209,0.8416254115301732,-9.466114,-9.369744,-9.357971,-9.487636
2000,5,-9.444393,0.25315922,0.7020371521593873,-0.37925164569773795,0.16666666666666666,0.16666666666666666,0.9166666666666666,0.7083333333333334,0.8166890883150209,0.8416254115301732,-9.437039,-9.466114,-9.369744,-9.357971
2000,6,-9.490002,0.27883196,0.6120336278234838,-0.4315957479577128,0.16666666666666666,0.16666666666666666,0.9166666666666666,0.7083333333333334,0.8166890883150209,0.8416254115301732,-9.444393,-9.437039,-9.466114,-9.369744
2000,7,-9.163696,0.24149382,0.6841671904596422,-0.4298247852857866,0.16666666666666666,0.16666666666666666,0.9166666666666665,0.48611111111111105,1.4182958340544896,0.6972166887783963,-9.490002,-9.444393,-9.437039,-9.466114
2000,8,-9.441053,0.2645383,0.4237036576083197,-0.6361749361136755,0.16666666666666666,0.16666666666666666,0.9166666666666666,0.7083333333333334,0.8166890883150209,0.8416254115301732,-9.163696,-9.490002,-9.444393,-9.437039
2000,9,-9.608704,0.30992708,0.32611842795515894,-0.794911803427615,0.16666666666666666,0.16666666666666666,0.9166666666666666,0.7083333333333334,0.8166890883150209,0.8416254115301732,-9.441053,-9.163696,-9.490002,-9.444393
2000,10,-9.611432,0.28180307,0.3739283250527787,-1.4011625147612672,0.0,0.0,1.0,1.0,-0.0,1.0,-9.608704,-9.441053,-9.163696,-9.490002
2000,11,-9.786225,0.2715878,0.44867387377448176,-1.096778122782455,0.0,0.0,1.0,0.5555555555555556,0.9182958340544896,0.7453559924999299,-9.611432,-9.608704,-9.441053,-9.163696
2000,12,-10.252312,0.31169736,0.454983457163336,-1.0934198069402874,0.16666666666666666,0.16666666666666666,0.9166666666666665,0.48611111111111105,1.4182958340544896,0.6972166887783963,-9.786225,-9.611432,-9.608704,-9.441053
2001,1,-9.434006,0.23635271,0.013674016183719037,-1.3257362824047838,0.0,0.0,1.0,1.0,-0.0,1.0,,,,
2001,2,-9.463757,0.2854754,-0.09499322711437469,-1.3484328121157139,0.0,0.0,1.0,1.0,-0.0,1.0,-9.434006,,,
2001,3,-9.405904,0.2718432,-0.08537652104238713,-1.3124175927188984,0.0,0.0,1.0,1.0,-0.0,1.0,-9.463757,-9.434006,,
2001,4,-9.592107,0.3068821,0.009191155417029055,-1.2978209326279992,0.16666666666666666,0.16666666666666666,0.9166666666666666,0.7083333333333334,0.8166890883150209,0.8416254115301732,-9.405904,-9.463757,-9.434006,
2001,5,-10.218633,0.2863204,0.036960323067240744,-1.3353627769244658,0.0,0.0,1.0,0.5555555555555556,0.9182958340544896,0.7453559924999299,-9.592107,-9.405904,-9.463757,-9.434006
2001,6,-9.848912,0.2709179,0.07969403001093599,-1.227570905609798,0.0,0.0,1.0,0.5555555555555556,0.9182958340544896,0.7453559924999299,-10.218633,-9.592107,-9.405904,-9.463757
2001,7,-9.145306,0.17261349,-0.4761994995053004,-1.2607129459767015,0.0,0.0,1.0,0.5555555555555556,0.9182958340544896,0.7453559924999299,-9.848912,-10.218633,-9.592107,-9.405904
2001,8,-8.9915085,0.2074893,-0.35264114240686883,-1.2784193695446193,0.0,0.0,1.0,0.5555555555555556,0.9182958340544896,0.7453559924999299,-9.145306,-9.848912,-10.218633,-9.592107
2001,9,-8.79931,0.2682036,-0.0722207432460302,-1.2274774481821273,0.0,0.0,1.0,0.5555555555555556,0.9182958340544896,0.7453559924999299,-8.9915085,-9.145306,-9.848912,-10.218633
2001,10,-8.918287,0.26658645,-0.06374776975241178,-1.3778432894137103,0.0,0.0,1.0,0.5555555555555556,0.9182958340544896,0.7453559924999299,-8.79931,-8.9915085,-9.145306,-9.848912
2001,11,-8.832188,0.2742562,0.03332531030397661,-1.2771720309306294,0.0,0.0,1.0,0.5555555555555556,0.9182958340544896,0.7453559924999299,-8.918287,-8.79931,-8.9915085,-9.145306
2001,12,-9.019273,0.28198618,-0.11455522017921017,-1.2263431299526677,0.16666666666666666,0.16666666666666666,0.9166666666666666,0.375,1.6258145836939115,0.6123724356957945,-8.832188,-8.918287,-8.79931,-8.9915085
2002,1,-9.225681,0.25951165,0.030028982339341054,-1.3465275110188137,0.16666666666666666,0.16666666666666666,0.9166666666666665,0.48611111111111105,1.4182958340544896,0.6972166887783963,-9.019273,-8.832188,-8.918287,-8.79931
2002,2,-9.317217,0.27660137,0.09848298934672232,-1.2833728324116143,0.16666666666666666,0.16666666666666666,0.9166666666666665,0.48611111111111105,1.4182958340544896,0.6972166887783963,-9.225681,-9.019273,-8.832188,-8.918287
2002,3,-9.348982,0.23406895,-0.21149971380408766,-1.256944847021687,0.0,0.0,1.0,1.0,-0.0,1.0,-9.317217,-9.225681,-9.019273,-8.832188
2002,4,-9.650789,0.26033136,0.055730669666290006,-1.3169275740757997,0.0,0.0,1.0,1.0,-0.0,1.0,-9.348982,-9.317217,-9.225681,-9.019273
2002,5,-10.008862,0.30478024,0.1585539370935988,-1.2186730591895147,0.16666666666666666,0.16666666666666666,0.9166666666666666,0.375,1.6258145836939115,0.6123724356957945,-9.650789,-9.348982,-9.317217,-9.225681
2002,6,-10.10738,0.25122708,-0.01966373636482452,-1.2601340124794527,0.0,0.0,1.0,0.5555555555555556,0.9182958340544896,0.7453559924999299,-10.008862,-9.650789,-9.348982,-9.317217
2002,7,-9.30184,0.2546474,-0.43470267986482153,-1.1442869084215166,0.0,0.0,1.0,1.0,-0.0,1.0,-10.10738,-10.008862,-9.650789,-9.348982
2002,8,-9.150312,0.21484558,-0.45320380797962756,-1.2295540897925488,0.0,0.0,1.0,0.5555555555555556,0.9182958340544896,0.7453559924999299,-9.30184,-10.10738,-10.008862,-9.650789
2002,9,-8.860661,0.26920968,-0.02254084005822947,-1.388955576718615,0.0,0.0,1.0,0.5555555555555556,0.9182958340544896,0.7453559924999299,-9.150312,-9.30184,-10.10738,-10.008862
2002,10,-8.756633,0.26834035,-0.08323804326926489,-1.404826165987591,0.0,0.0,1.0,0.5555555555555556,0.9182958340544896,0.7453559924999299,-8.860661,-9.150312,-9.30184,-10.10738
2002,11,-8.885552,0.24143758,-0.20389425061912905,-1.2865543624521207,0.0,0.0,1.0,0.5555555555555556,0.9182958340544896,0.7453559924999299,-8.756633,-8.860661,-9.150312,-9.30184
2002,12,-9.007949,0.22387254,-0.08557116911866802,-1.2302764619177375,0.16666666666666666,0.16666666666666666,0.9166666666666666,0.375,1.6258145836939115,0.6123724356957945,-8.885552,-8.756633,-8.860661,-9.150312
2003,1,-9.342617,0.29065448,0.030600376559743618,-1.1593517393744672,0.16666666666666666,0.16666666666666666,0.9166666666666665,0.48611111111111105,1.4182958340544896,0.6972166887783963,-9.007949,-8.885552,-8.756633,-8.860661
2003,2,-9.427856,0.24779016,-0.03711895166022454,-1.367543668047525,0.0,0.0,1.0,1.0,-0.0,1.0,-9.342617,-9.007949,-8.885552,-8.756633
2003,3,-9.355419,0.2991053,-0.04928368179187358,-1.3019622530863748,0.16666666666666666,0.16666666666666666,0.9166666666666665,0.48611111111111105,1.4182958340544896,0.6972166887783963,-9.427856,-9.342617,-9.007949,-8.885552
2003,4,-9.518723,0.22276789,-0.25097861620499257,-1.4137847204998932,0.0,0.0,1.0,1.0,-0.0,1.0,-9.355419,-9.427856,-9.342617,-9.007949
2003,5,-9.889187,0.26507905,-0.05639915178827796,-1.3436497301872687,0.0,0.0,1.0,0.5555555555555556,0.9182958340544896,0.7453559924999299,-9.518723,-9.355419,-9.427856,-9.342617
2003,6,-9.912609,0.20290697,-0.16096354314199776,-1.3395460928760334,0.0,0.0,1.0,0.5555555555555556,0.9182958340544896,0.7453559924999299,-9.889187,-9.518723,-9.355419,-9.427856
2003,7,-9.442481,0.15707071,-0.8273663211974864,-0.7668626923327109,0.0,0.0,1.0,1.0,-0.0,1.0,-9.912609,-9.889187,-9.518723,-9.355419
2003,8,-9.185438,0.19291925,-0.7736621331342465,-0.8196365797548175,0.33333333333333337,0.33333333333333337,0.8333333333333335,0.5000000000000001,1.2516291673878228,0.7071067811865476,-9.442481,-9.912609,-9.889187,-9.518723
2003,9,-8.993801,0.20605801,-0.2421604302902559,-1.2537455335251062,0.0,0.0,1.0,0.5555555555555556,0.9182958340544896,0.7453559924999299,-9.185438,-9.442481,-9.912609,-9.889187
2003,10,-8.986172,0.18484579,-0.2854253070579436,-1.3255884509585882,0.0,0.0,1.0,0.5555555555555556,0.9182958340544896,0.7453559924999299,-8.993801,-9.185438,-9.442481,-9.912609
2003,11,-8.94981,0.26999453,-0.01805725383334433,-1.3170785219129066,0.0,0.0,1.0,0.5555555555555556,0.9182958340544896,0.7453559924999299,-8.986172,-8.993801,-9.185438,-9.442481
2003,12,-9.150987,0.27985469,0.20323944692139603,-1.1942599403708518,0.16666666666666666,0.16666666666666666,0.9166666666666665,0.48611111111111105,1.4182958340544896,0.6972166887783963,-8.94981,-8.986172,-8.993801,-9.185438
2004,1,-9.291874,0.26675025,0.13730858595539752,-1.2473621517024598,0.16666666666666666,0.16666666666666666,0.9166666666666665,0.48611111111111105,1.4182958340544896,0.6972166887783963,-9.150987,-8.94981,-8.986172,-8.993801
2004,2,-9.395878,0.23696063,-0.06572604557340336,-1.3567396037882467,0.0,0.0,1.0,1.0,-0.0,1.0,-9.291874,-9.150987,-8.94981,-8.986172
2004,3,-9.38047,0.2619495,-0.06295600148797079,-1.3682686208946087,0.0,0.0,1.0,1.0,-0.0,1.0,-9.395878,-9.291874,-9.150987,-8.94981
2004,4,-9.49321,0.21527849,-5.376760642729344e-05,-1.2203320374434292,0.0,0.0,1.0,1.0,-0.0,1.0,-9.38047,-9.395878,-9.291874,-9.150987
2004,5,-9.921926,0.27748892,0.13330329885873896,-1.1801250069511717,0.0,0.0,1.0,0.5555555555555556,0.9182958340544896,0.7453559924999299,-9.49321,-9.38047,-9.395878,-9.291874
2004,6,-9.993618,0.25049573,-0.021272633513151253,-1.3534106989293904,0.16666666666666666,0.16666666666666666,0.9166666666666666,0.375,1.6258145836939115,0.6123724356957945,-9.921926,-9.49321,-9.38047,-9.395878
2004,7,-9.280933,0.19893761,-0.28532651844518775,-1.1415297068320294,0.0,0.0,1.0,1.0,-0.0,1.0,-9.993618,-9.921926,-9.49321,-9.38047
2004,8,-9.049492,0.20610066,-0.331214201426373,-1.2647804647312482,0.16666666666666666,0.16666666666666666,0.9166666666666666,0.375,1.6258145836939115,0.6123724356957945,-9.280933,-9.993618,-9.921926,-9.49321
2004,9,-8.721135,0.2425866,-0.5482042993635824,-0.9613919527209234,0.16666666666666666,0.16666666666666666,0.9166666666666665,0.48611111111111105,1.4182958340544896,0.6972166887783963,-9.049492,-9.280933,-9.993618,-9.921926
2004,10,-8.698793,0.23529808,-0.29352275670069566,-1.326608616480537,0.16666666666666666,0.16666666666666666,0.9166666666666665,0.48611111111111105,1.4182958340544896,0.6972166887783963,-8.721135,-9.049492,-9.280933,-9.993618
2004,11,-8.81612,0.30954397,0.1258307434568524,-1.2701686122347535,0.0,0.0,1.0,0.5555555555555556,0.9182958340544896,0.7453559924999299,-8.698793,-8.721135,-9.049492,-9.280933
2004,12,-8.961636,0.29218778,0.0029777248104217433,-1.3028203461601007,0.0,0.0,1.0,0.5555555555555556,0.9182958340544896,0.7453559924999299,-8.81612,-8.698793,-8.721135,-9.049492
2005,1,-9.163121,0.28823748,0.18172622456662252,-1.2594182073105098,0.16666666666666666,0.16666666666666666,0.9166666666666665,0.48611111111111105,1.4182958340544896,0.6972166887783963,-8.961636,-8.81612,-8.698793,-8.721135
2005,2,-9.140429,0.25404713,-0.07973503676011133,-1.372779542730341,0.16666666666666666,0.16666666666666666,0.9166666666666665,0.48611111111111105,1.4182958340544896,0.6972166887783963,-9.163121,-8.961636,-8.81612,-8.698793
2005,3,-9.315181,0.3306293,0.07845841258619382,-1.3655206571895877,0.16666666666666666,0.16666666666666666,0.9166666666666665,0.48611111111111105,1.4182958340544896,0.6972166887783963,-9.140429,-9.163121,-8.961636,-8.81612
2005,4,-9.572462,0.3033825,0.043873389627031405,-1.372609152707041,0.0,0.0,1.0,1.0,-0.0,1.0,-9.315181,-9.140429,-9.163121,-8.961636
2005,5,-10.009701,0.27795827,0.005377068914894477,-1.3646407701430137,0.16666666666666666,0.16666666666666666,0.9166666666666666,0.375,1.6258145836939115,0.6123724356957945,-9.572462,-9.315181,-9.140429,-9.163121
2005,6,-10.199995,0.26215106,-0.019097594898349293,-1.3408033458111894,0.16666666666666666,0.16666666666666666,0.9166666666666665,0.48611111111111105,1.4182958340544896,0.6972166887783963,-10.009701,-9.572462,-9.315181,-9.140429
2005,7,-9.691057,0.2685352,-0.27762015096927967,-1.2371083812240231,0.16666666666666666,0.16666666666666666,0.9166666666666665,0.48611111111111105,1.4182958340544896,0.6972166887783963,-10.199995,-10.009701,-9.572462,-9.315181
2005,8,-9.19878,0.15510997,-0.9025228846079347,-0.6372787689556931,0.0,0.0,1.0,1.0,-0.0,1.0,-9.691057,-10.199995,-10.009701,-9.572462
2005,9,-9.177792,0.22332881,-0.20855643734594212,-1.1233743267399365,0.16666666666666666,0.16666666666666666,0.9166666666666665,0.48611111111111105,1.4182958340544896,0.6972166887783963,-9.19878,-9.691057,-10.199995,-10.009701
2005,10,-9.040219,0.24821037,-0.17920438446088394,-1.1511975368251077,0.16666666666666666,0.16666666666666666,0.9166666666666666,0.375,1.6258145836939115,0.6123724356957945,-9.177792,-9.19878,-9.691057,-10.199995
2005,11,-8.8735895,0.22680716,-0.3430537865360806,-1.1199713535195102,0.0,0.0,1.0,0.5555555555555556,0.9182958340544896,0.7453559924999299,-9.040219,-9.177792,-9.19878,-9.691057
2005,12,-9.15223,0.27576908,-0.08013426963985036,-1.265504329108209,0.0,0.0,1.0,0.5555555555555556,0.9182958340544896,0.7453559924999299,-8.8735895,-9.040219,-9.177792,-9.19878
2006,1,-9.117811,0.2655349,0.01951647256414129,-1.273225907982338,0.0,0.0,1.0,0.5555555555555556,0.9182958340544896,0.7453559924999299,-9.15223,-8.8735895,-9.040219,-9.177792
2006,2,-9.059706,0.2903082,-0.04719369285952011,-1.340320771064412,0.0,0.0,1.0,0.5555555555555556,0.9182958340544896,0.7453559924999299,-9.117811,-9.15223,-8.8735895,-9.040219
2006,3,-9.26124,0.28478992,0.06322629651326214,-1.2100715478656177,0.16666666666666666,0.16666666666666666,0.9166666666666665,0.48611111111111105,1.4182958340544896,0.6972166887783963,-9.059706,-9.117811,-9.15223,-8.8735895
2006,4,-9.447356,0.22591652,-0.5617727250233008,-0.9827377246062183,0.0,0.0,1.0,1.0,-0.0,1.0,-9.26124,-9.059706,-9.117811,-9.15223
2006,5,-10.120402,0.2553596,-0.030985976831738374,-1.3239715545675927,0.0,0.0,1.0,0.5555555555555556,0.9182958340544896,0.7453559924999299,-9.447356,-9.26124,-9.059706,-9.117811
2006,6,-9.792022,0.2351085,-0.47232599903619504,-1.147068317904763,0.16666666666666666,0.16666666666666666,0.9166666666666665,0.48611111111111105,1.4182958340544896,0.6972166887783963,-10.120402,-9.447356,-9.26124,-9.059706
2006,7,-9.817844,0.1969664,-0.42316195081612584,-1.2229992379704648,0.16666666666666666,0.16666666666666666,0.9166666666666665,0.48611111111111105,1.4182958340544896,0.6972166887783963,-9.792022,-10.120402,-9.447356,-9.26124
2006,8,-9.24963,0.21771844,-0.31791718804605934,-1.3397320907433867,0.16666666666666666,0.16666666666666666,0.9166666666666665,0.48611111111111105,1.4182958340544896,0.6972166887783963,-9.817844,-9.792022,-10.120402,-9.447356
2006,9,-9.191124,0.23043704,-0.15850151540047108,-1.345981422223048,0.16666666666666666,0.16666666666666666,0.9166666666666665,0.48611111111111105,1.4182958340544896,0.6972166887783963,-9.24963,-9.817844,-9.792022,-10.120402
2006,10,-9.11079,0.2445537,-0.12517306309219564,-1.3618566182725018,0.0,0.0,1.0,0.5555555555555556,0.9182958340544896,0.7453559924999299,-9.191124,-9.24963,-9.817844,-9.792022
2006,11,-9.185967,0.24824567,0.16495151143614062,-1.222850144494444,0.16666666666666666,0.16666666666666666,0.9166666666666665,0.48611111111111105,1.4182958340544896,0.6972166887783963,-9.11079,-9.191124,-9.24963,-9.817844
2006,12,-9.427124,0.31024352,0.12387084600718128,-1.1203937367307288,0.16666666666666666,0.16666666666666666,0.9166666666666665,0.48611111111111105,1.4182958340544896,0.6972166887783963,-9.185967,-9.11079,-9.191124,-9.24963
2007,1,-9.573242,0.39258185,-0.6189014993613567,-0.3788166262770889,0.33333333333333337,0.33333333333333337,0.8333333333333335,0.5000000000000001,1.2516291673878228,0.7071067811865476,,,,
2007,2,-9.488883,0.39166665,-0.4837487540573464,-0.09536982701624774,0.3333333333333333,0.3333333333333333,0.8333333333333331,0.4722222222222221,1.584962500721156,0.6871842709362767,-9.573242,,,
2007,3,-9.57086,0.43250006,-1.0577126229159375,0.1957364302211695,0.33333333333333337,0.33333333333333337,0.8333333333333335,0.5000000000000001,1.2516291673878228,0.7071067811865476,-9.488883,-9.573242,,
2007,4,-9.509221,0.3769885,-1.0100829295854818,0.27856642372180307,0.16666666666666666,0.16666666666666666,0.9166666666666666,0.7083333333333334,0.8166890883150209,0.8416254115301732,-9.57086,-9.488883,-9.573242,
2007,5,-9.473929,0.44365782,-0.8050674504588444,-0.12926848898924392,0.3333333333333333,0.3333333333333333,0.8333333333333331,0.4722222222222221,1.584962500721156,0.6871842709362767,-9.509221,-9.57086,-9.488883,-9.573242
2007,6,-9.341045,0.38003507,-0.6397472113818287,-0.35323463482267803,0.3333333333333333,0.3333333333333333,0.8333333333333331,0.4722222222222221,1.584962500721156,0.6871842709362767,-9.473929,-9.509221,-9.57086,-9.488883
2007,7,-9.207431,0.35404262,-0.5715719754929273,-0.2452780148201814,0.16666666666666666,0.16666666666666666,0.9166666666666665,0.48611111111111105,1.4182958340544896,0.6972166887783963,-9.341045,-9.473929,-9.509221,-9.57086
2007,8,-9.05661,0.4146915,-0.8096031140637066,-0.15579596918250527,0.5000000000000001,0.5000000000000001,0.7500000000000001,0.26388888888888895,1.9591479170272448,0.5137011669140814,-9.207431,-9.341045,-9.473929,-9.509221
2007,9,-9.00169,0.33625126,-0.6164698121618102,-0.22725850090470034,0.3333333333333333,0.3333333333333333,0.8333333333333334,0.33333333333333337,1.792481250360578,0.5773502691896258,-9.05661,-9.207431,-9.341045,-9.473929
2007,10,-9.103679,0.4109319,-1.0563727314724356,0.29638631159379125,0.33333333333333337,0.33333333333333337,0.8333333333333335,0.25000000000000006,2.251629167387823,0.5,-9.00169,-9.05661,-9.207431,-9.341045
2007,11,-9.180495,0.3547224,-0.7954662729253021,-0.11494044510212076,0.16666666666666666,0.16666666666666666,0.9166666666666665,0.48611111111111105,1.4182958340544896,0.6972166887783963,-9.103679,-9.00169,-9.05661,-9.207431
2007,12,-9.352065,0.32398173,-0.5976749964993282,-0.08653202586852471,0.3333333333333333,0.3333333333333333,0.8333333333333333,0.30555555555555547,2.125814583693911,0.5527707983925666,-9.180495,-9.103679,-9.00169,-9.05661
2008,1,-9.368803,0.3403987,-0.6976058214062495,-0.3288880980396067,0.3333333333333333,0.3333333333333333,0.8333333333333333,0.30555555555555547,2.125814583693911,0.5527707983925666,-9.352065,-9.180495,-9.103679,-9.00169
2008,2,-9.4994755,0.3631126,-0.9955830473200731,0.1080950823777238,0.16666666666666666,0.16666666666666666,0.9166666666666666,0.7083333333333334,0.8166890883150209,0.8416254115301732,-9.368803,-9.352065,-9.180495,-9.103679
2008,3,-9.449795,0.36195564,-0.5711295427158692,-0.2742595375186694,0.3333333333333333,0.3333333333333333,0.8333333333333331,0.4722222222222221,1.584962500721156,0.6871842709362767,-9.4994755,-9.368803,-9.352065,-9.180495
2008,4,-9.528447,0.39884108,-0.8237203155041092,-0.18053132978565056,0.16666666666666666,0.16666666666666666,0.9166666666666666,0.7083333333333334,0.8166890883150209,0.8416254115301732,-9.449795,-9.4994755,-9.368803,-9.352065
2008,5,-9.37407,0.41754413,-0.7414804187780863,-0.4577479980173291,0.3333333333333333,0.3333333333333333,0.8333333333333333,0.30555555555555547,2.125814583693911,0.5527707983925666,-9.528447,-9.449795,-9.4994755,-9.368803
2008,6,-9.265849,0.42729935,-0.754448006965284,-0.27995060776328806,0.5,0.5,0.75,0.20833333333333331,2.4182958340544896,0.4564354645876384,-9.37407,-9.528447,-9.449795,-9.4994755
2008,7,-8.993679,0.35989952,-0.7129098018776809,-0.29457961784477815,0.5,0.5,0.75,0.375,1.5,0.6123724356957945,-9.265849,-9.37407,-9.528447,-9.449795
2008,8,-9.101238,0.40227163,-0.6416816623939035,-0.5616439158397077,0.5000000000000001,0.5000000000000001,0.7500000000000001,0.26388888888888895,1.9591479170272448,0.5137011669140814,-8.993679,-9.265849,-9.37407,-9.528447
2008,9,-9.271243,0.37229908,-0.8151804833118422,-0.10032855887265368,0.3333333333333333,0.3333333333333333,0.8333333333333333,0.30555555555555547,2.125814583693911,0.5527707983925666,-9.101238,-8.993679,-9.265849,-9.37407
2008,10,-9.278458,0.3891726,-0.9431003674760066,-0.0005386395407791511,0.3333333333333333,0.3333333333333333,0.8333333333333333,0.30555555555555547,2.125814583693911,0.5527707983925666,-9.271243,-9.101238,-8.993679,-9.265849
2008,11,-9.416786,0.4089838,-0.49223299230954365,-0.2762403581927946,0.3333333333333333,0.3333333333333333,0.8333333333333333,0.30555555555555547,2.125814583693911,0.5527707983925666,-9.278458,-9.271243,-9.101238,-8.993679
2008,12,-9.429177,0.4017789,-0.6217984174192064,-0.12434770908215054,0.3333333333333333,0.3333333333333333,0.8333333333333333,0.30555555555555547,2.125814583693911,0.5527707983925666,-9.416786,-9.278458,-9.271243,-9.101238
2009,1,-9.428309,0.3965832,-0.6789035866764519,-0.19089155633657562,0.3333333333333333,0.3333333333333333,0.8333333333333333,0.30555555555555547,2.125814583693911,0.5527707983925666,-9.429177,-9.416786,-9.278458,-9.271243
2009,2,-9.48214,0.4060747,-0.7777204255039879,-0.10592178784677131,0.3333333333333333,0.3333333333333333,0.8333333333333331,0.4722222222222221,1.584962500721156,0.6871842709362767,-9.428309,-9.429177,-9.416786,-9.278458
2009,3,-9.511573,0.36942527,-0.8203205609825743,0.029053046577279584,0.16666666666666666,0.16666666666666666,0.9166666666666666,0.7083333333333334,0.8166890883150209,0.8416254115301732,-9.48214,-9.428309,-9.429177,-9.416786
2009,4,-9.509937,0.42274514,-0.8574938550140564,-0.20601833329934616,0.49999999999999994,0.49999999999999994,0.75,0.3194444444444444,1.9591479170272446,0.565194165260439,-9.511573,-9.48214,-9.428309,-9.429177
2009,5,-9.443067,0.40459993,-0.7640865991086522,-0.24738963864755803,0.3333333333333333,0.3333333333333333,0.8333333333333331,0.4722222222222221,1.584962500721156,0.6871842709362767,-9.509937,-9.511573,-9.48214,-9.428309
2009,6,-9.499398,0.39913574,-0.7689344050022733,-0.1607533355596349,0.3333333333333333,0.3333333333333333,0.8333333333333331,0.4722222222222221,1.584962500721156,0.6871842709362767,-9.443067,-9.509937,-9.511573,-9.48214
2009,7,-9.304005,0.42502353,-0.6598503170857078,-0.29861289007190095,0.3333333333333333,0.3333333333333333,0.8333333333333333,0.30555555555555547,2.125814583693911,0.5527707983925666,-9.499398,-9.443067,-9.509937,-9.511573
2009,8,-9.044041,0.4065663,-0.8864649926948882,-0.3525529920982611,0.5000000000000001,0.5000000000000001,0.7500000000000001,0.26388888888888895,1.9591479170272448,0.5137011669140814,-9.304005,-9.499398,-9.443067,-9.509937
2009,9,-9.174249,0.3761853,-0.9139406865116237,-0.08764153273637154,0.3333333333333333,0.3333333333333333,0.8333333333333334,0.33333333333333337,1.792481250360578,0.5773502691896258,-9.044041,-9.304005,-9.499398,-9.443067
2009,10,-9.037763,0.35580564,-0.8468324143605389,-0.08840431811331095,0.5000000000000001,0.5000000000000001,0.7500000000000001,0.26388888888888895,1.9591479170272448,0.5137011669140814,-9.174249,-9.044041,-9.304005,-9.499398
2009,11,-9.152031,0.35531363,-0.7628609179966808,-0.28363245727720754,0.3333333333333333,0.3333333333333333,0.8333333333333334,0.33333333333333337,1.792481250360578,0.5773502691896258,-9.037763,-9.174249,-9.044041,-9.304005
2009,12,-9.223531,0.33269894,-0.6998777095115126,0.0059406038290648056,0.16666666666666666,0.16666666666666666,0.9166666666666665,0.48611111111111105,1.4182958340544896,0.6972166887783963,-9.152031,-9.037763,-9.174249,-9.044041
2010,1,-9.474832,0.34416705,-0.45701655133400054,-0.3596297547733882,0.3333333333333333,0.3333333333333333,0.8333333333333331,0.4722222222222221,1.584962500721156,0.6871842709362767,-9.223531,-9.152031,-9.037763,-9.174249
2010,2,-9.386799,0.34724665,-0.7219492579040468,0.030463899069444356,0.3333333333333333,0.3333333333333333,0.8333333333333333,0.30555555555555547,2.125814583693911,0.5527707983925666,-9.474832,-9.223531,-9.152031,-9.037763
2010,3,-9.329296,0.33677134,-0.48657154003846115,-0.3551411506763338,0.16666666666666666,0.16666666666666666,0.9166666666666665,0.48611111111111105,1.4182958340544896,0.6972166887783963,-9.386799,-9.474832,-9.223531,-9.152031
2010,4,-9.344896,0.35636705,-0.6886610823099939,-0.3451896647776853,0.3333333333333333,0.3333333333333333,0.8333333333333333,0.30555555555555547,2.125814583693911,0.5527707983925666,-9.329296,-9.386799,-9.474832,-9.223531
2010,5,-9.421345,0.39728057,-0.807828099464513,-0.1142260918600222,0.3333333333333333,0.3333333333333333,0.8333333333333331,0.4722222222222221,1.584962500721156,0.6871842709362767,-9.344896,-9.329296,-9.386799,-9.474832
2010,6,-9.411093,0.37608173,-0.8782896692635309,-0.22979339959643408,0.3333333333333333,0.3333333333333333,0.8333333333333331,0.4722222222222221,1.584962500721156,0.6871842709362767,-9.421345,-9.344896,-9.329296,-9.386799
2010,7,-9.282521,0.37105906,-0.7893886334254796,-0.15139869951121732,0.3333333333333333,0.3333333333333333,0.8333333333333333,0.30555555555555547,2.125814583693911,0.5527707983925666,-9.411093,-9.421345,-9.344896,-9.329296
2010,8,-9.317127,0.37287438,-0.9460857771997393,0.12665973605636838,0.3333333333333333,0.3333333333333333,0.8333333333333331,0.4722222222222221,1.584962500721156,0.6871842709362767,-9.282521,-9.411093,-9.421345,-9.344896
2010,9,-9.305233,0.34172437,-0.9439423332170895,0.13050994809457794,0.3333333333333333,0.3333333333333333,0.8333333333333331,0.4722222222222221,1.584962500721156,0.6871842709362767,-9.317127,-9.282521,-9.411093,-9.421345
2010,10,-9.065575,0.32130012,-0.884536864817547,0.11202469558291783,0.16666666666666666,0.16666666666666666,0.9166666666666666,0.375,1.6258145836939115,0.6123724356957945,-9.305233,-9.317127,-9.282521,-9.411093
2010,11,-9.188704,0.37852246,-0.8349016653628193,0.04020672471005726,0.3333333333333333,0.3333333333333333,0.8333333333333333,0.30555555555555547,2.125814583693911,0.5527707983925666,-9.065575,-9.305233,-9.317127,-9.282521
2010,12,-9.289685,0.34629023,-0.37307082859380064,-0.3727837236130922,0.16666666666666666,0.16666666666666666,0.9166666666666665,0.48611111111111105,1.4182958340544896,0.6972166887783963,-9.188704,-9.065575,-9.305233,-9.317127
2011,1,-9.387155,0.37915117,-0.6384011678298209,-0.22564841587855478,0.3333333333333333,0.3333333333333333,0.8333333333333333,0.30555555555555547,2.125814583693911,0.5527707983925666,-9.289685,-9.188704,-9.065575,-9.305233
2011,2,-9.46409,0.34328312,-0.5529642011446149,-0.08616744706616863,0.3333333333333333,0.3333333333333333,0.8333333333333331,0.4722222222222221,1.584962500721156,0.6871842709362767,-9.387155,-9.289685,-9.188704,-9.065575
2011,3,-9.548304,0.33448526,-0.905058373511282,0.2131872723024757,0.16666666666666666,0.16666666666666666,0.9166666666666666,0.7083333333333334,0.8166890883150209,0.8416254115301732,-9.46409,-9.387155,-9.289685,-9.188704
2011,4,-9.628578,0.33612993,-0.8472154867229883,-0.09248429909698785,0.33333333333333337,0.33333333333333337,0.8333333333333335,0.5000000000000001,1.2516291673878228,0.7071067811865476,-9.548304,-9.46409,-9.387155,-9.289685
2011,5,-9.654746,0.40679833,-0.704363196030914,-0.3893587903556641,0.33333333333333337,0.33333333333333337,0.8333333333333335,0.5000000000000001,1.2516291673878228,0.7071067811865476,-9.628578,-9.548304,-9.46409,-9.387155
2011,6,-9.478863,0.42016658,-0.9527321067482717,-0.08115525320117101,0.3333333333333333,0.3333333333333333,0.8333333333333331,0.4722222222222221,1.584962500721156,0.6871842709362767,-9.654746,-9.628578,-9.548304,-9.46409
2011,7,-9.309269,0.3794961,-0.7833520274453095,-0.24844787999097306,0.3333333333333333,0.3333333333333333,0.8333333333333333,0.30555555555555547,2.125814583693911,0.5527707983925666,-9.478863,-9.654746,-9.628578,-9.548304
2011,8,-9.278239,0.34013316,-0.8706470943295035,-0.13511135906891836,0.16666666666666666,0.16666666666666666,0.9166666666666665,0.48611111111111105,1.4182958340544896,0.6972166887783963,-9.309269,-9.478863,-9.654746,-9.628578
2011,9,-9.139464,0.34138745,-0.7882297573479157,-0.2062550766022353,0.3333333333333333,0.3333333333333333,0.8333333333333334,0.33333333333333337,1.792481250360578,0.5773502691896258,-9.278239,-9.309269,-9.478863,-9.654746
2011,10,-9.141066,0.4026255,-0.9696997992752345,0.07724422508506734,0.5,0.5,0.75,0.20833333333333331,2.4182958340544896,0.4564354645876384,-9.139464,-9.278239,-9.309269,-9.478863
2011,11,-9.23223,0.37868562,-0.6926472541695089,-0.15948966396140252,0.3333333333333333,0.3333333333333333,0.8333333333333333,0.30555555555555547,2.125814583693911,0.5527707983925666,-9.141066,-9.139464,-9.278239,-9.309269
2011,12,-9.31389,0.3568223,-0.30843241645150293,-0.44815614392942704,0.3333333333333333,0.3333333333333333,0.8333333333333333,0.30555555555555547,2.125814583693911,0.5527707983925666,-9.23223,-9.141066,-9.139464,-9.278239
2012,1,-9.279587,0.39093086,-1.11516307461574,0.2334150383195186,0.3333333333333333,0.3333333333333333,0.8333333333333333,0.30555555555555547,2.125814583693911,0.5527707983925666,-9.31389,-9.23223,-9.141066,-9.139464
2012,2,-9.430922,0.3611093,-0.512506163361091,-0.10223345630519498,0.3333333333333333,0.3333333333333333,0.8333333333333333,0.30555555555555547,2.125814583693911,0.5527707983925666,-9.279587,-9.31389,-9.23223,-9.141066
2012,3,-9.47743,0.35663012,-0.834306079005914,0.10179953029219613,0.16666666666666666,0.16666666666666666,0.9166666666666666,0.7083333333333334,0.8166890883150209,0.8416254115301732,-9.430922,-9.279587,-9.31389,-9.23223
2012,4,-9.604017,0.36772758,-0.9998206778773328,-0.12043767486128898,0.33333333333333337,0.33333333333333337,0.8333333333333335,0.5000000000000001,1.2516291673878228,0.7071067811865476,-9.47743,-9.430922,-9.279587,-9.31389
2012,5,-9.573896,0.38620472,-0.9283968356475388,-6.868180208474683e-05,0.33333333333333337,0.33333333333333337,0.8333333333333335,0.5000000000000001,1.2516291673878228,0.7071067811865476,-9.604017,-9.47743,-9.430922,-9.279587
2012,6,-9.410108,0.41111752,-0.871604600722271,-0.26779898686516246,0.3333333333333333,0.3333333333333333,0.8333333333333331,0.4722222222222221,1.584962500721156,0.6871842709362767,-9.573896,-9.604017,-9.47743,-9.430922
2012,7,-9.309077,0.38091224,-1.0158434852521439,0.14317715844170875,0.3333333333333333,0.3333333333333333,0.8333333333333331,0.4722222222222221,1.584962500721156,0.6871842709362767,-9.410108,-9.573896,-9.604017,-9.47743
2012,8,-9.218347,0.3776854,-0.6503806253746993,-0.38011953440091517,0.3333333333333333,0.3333333333333333,0.8333333333333334,0.33333333333333337,1.792481250360578,0.5773502691896258,-9.309077,-9.410108,-9.573896,-9.604017
2012,9,-9.220375,0.3784872,-0.9331864150408331,0.19343639162352844,0.5,0.5,0.75,0.20833333333333331,2.4182958340544896,0.4564354645876384,-9.218347,-9.309077,-9.410108,-9.573896
2012,10,-9.181538,0.4097152,-0.959515118614315,-0.09988803528438739,0.5,0.5,0.75,0.20833333333333331,2.4182958340544896,0.4564354645876384,-9.220375,-9.218347,-9.309077,-9.410108
2012,11,-9.287367,0.38460943,-0.9023317719484197,-0.18752620398708952,0.3333333333333333,0.3333333333333333,0.8333333333333333,0.30555555555555547,2.125814583693911,0.5527707983925666,-9.181538,-9.220375,-9.218347,-9.309077
2012,12,-9999.0,0.0,,,0.0,0.0,1.0,1.0,-0.0,1.0,-9.287367,-9.181538,-9.220375,-9.218347
2013,1,-9.498398,0.3682818,-0.5889979285835703,-0.28855736001335064,0.3333333333333333,0.3333333333333333,0.8333333333333331,0.4722222222222221,1.584962500721156,0.6871842709362767,-9999.0,-9.287367,-9.181538,-9.220375
2013,2,-9.570499,0.41749567,-0.9080843011720394,-0.014707042376645774,0.33333333333333337,0.33333333333333337,0.8333333333333335,0.5000000000000001,1.2516291673878228,0.7071067811865476,-9.498398,-9999.0,-9.287367,-9.181538
2013,3,-9.682367,0.39537242,-0.5853557069483833,-0.13236879679762925,0.33333333333333337,0.33333333333333337,0.8333333333333335,0.5000000000000001,1.2516291673878228,0.7071067811865476,-9.570499,-9.498398,-9999.0,-9.287367
2013,4,-9.667105,0.3950714,-0.9699776741954571,-0.008515587782460976,0.33333333333333337,0.33333333333333337,0.8333333333333335,0.5000000000000001,1.2516291673878228,0.7071067811865476,-9.682367,-9.570499,-9.498398,-9999.0
2013,5,-9.521601,0.38257587,-0.8361391478900494,-0.20738197974387118,0.16666666666666666,0.16666666666666666,0.9166666666666666,0.7083333333333334,0.8166890883150209,0.8416254115301732,-9.667105,-9.682367,-9.570499,-9.498398
2013,6,-9.534839,0.43767747,-0.7885429325744213,-0.1787733693932707,0.49999999999999994,0.49999999999999994,0.75,0.3194444444444444,1.9591479170272446,0.565194165260439,-9.521601,-9.667105,-9.682367,-9.570499
2013,7,-9.462429,0.37913683,-0.7471008020547368,0.11455628323189693,0.3333333333333333,0.3333333333333333,0.8333333333333331,0.4722222222222221,1.584962500721156,0.6871842709362767,-9.534839,-9.521601,-9.667105,-9.682367
2013,8,-9.40357,0.39085847,-0.9308032306317435,-0.003066795567621572,0.3333333333333333,0.3333333333333333,0.8333333333333331,0.4722222222222221,1.584962500721156,0.6871842709362767,-9.462429,-9.534839,-9.521601,-9.667105
2013,9,-9.175568,0.4130373,-0.88318947666225,-0.01195046395917343,0.5,0.5,0.75,0.20833333333333331,2.4182958340544896,0.4564354645876384,-9.40357,-9.462429,-9.534839,-9.521601
2013,10,-9.008682,0.3522457,-0.9780383951525042,0.11951081459208002,0.3333333333333333,0.3333333333333333,0.8333333333333334,0.33333333333333337,1.792481250360578,0.5773502691896258,-9.175568,-9.40357,-9.462429,-9.534839
2013,11,-9.181819,0.32120618,-1.0194691861822978,0.478506369753779,0.16666666666666666,0.16666666666666666,0.9166666666666665,0.48611111111111105,1.4182958340544896,0.6972166887783963,-9.008682,-9.175568,-9.40357,-9.462429
2013,12,-9.284025,0.38606298,-0.7058970060916796,-0.14874652196823357,0.3333333333333333,0.3333333333333333,0.8333333333333333,0.30555555555555547,2.125814583693911,0.5527707983925666,-9.181819,-9.008682,-9.175568,-9.40357
2014,1,-9.356785,0.3935774,-0.9003793102372017,-0.09227121761153212,0.3333333333333333,0.3333333333333333,0.8333333333333333,0.30555555555555547,2.125814583693911,0.5527707983925666,-9.284025,-9.181819,-9.008682,-9.175568
2014,2,-9.500268,0.39201838,-0.6343268696508199,-0.230039565507286,0.3333333333333333,0.3333333333333333,0.8333333333333331,0.4722222222222221,1.584962500721156,0.6871842709362767,-9.356785,-9.284025,-9.181819,-9.008682
2014,3,-9.605808,0.3583395,-0.71440779523949,-0.07771759810740297,0.16666666666666666,0.16666666666666666,0.9166666666666666,0.7083333333333334,0.8166890883150209,0.8416254115301732,-9.500268,-9.356785,-9.284025,-9.181819
2014,4,-9.650112,0.3869504,-0.7194451911089514,-0.3533899125960325,0.33333333333333337,0.33333333333333337,0.8333333333333335,0.5000000000000001,1.2516291673878228,0.7071067811865476,-9.605808,-9.500268,-9.356785,-9.284025
2014,5,-9.612425,0.36669362,-0.865442028364359,0.16387803377878907,0.16666666666666666,0.16666666666666666,0.9166666666666666,0.7083333333333334,0.8166890883150209,0.8416254115301732,-9.650112,-9.605808,-9.500268,-9.356785
2014,6,-9.581055,0.38974306,-0.8504101046757291,0.02479507224982891,0.33333333333333337,0.33333333333333337,0.8333333333333335,0.5000000000000001,1.2516291673878228,0.7071067811865476,-9.612425,-9.650112,-9.605808,-9.500268
2014,7,-9.26689,0.35943705,-1.0361807511751957,0.2527126229028487,0.3333333333333333,0.3333333333333333,0.8333333333333333,0.30555555555555547,2.125814583693911,0.5527707983925666,-9.581055,-9.612425,-9.650112,-9.605808
2014,8,-9.245993,0.36893913,-0.7044825003146084,-0.360789659282839,0.3333333333333333,0.3333333333333333,0.8333333333333334,0.33333333333333337,1.792481250360578,0.5773502691896258,-9.26689,-9.581055,-9.612425,-9.650112
2014,9,-9.3242,0.38292888,-0.7337874915208873,-0.2889065086022109,0.3333333333333333,0.3333333333333333,0.8333333333333333,0.30555555555555547,2.125814583693911,0.5527707983925666,-9.245993,-9.26689,-9.581055,-9.612425
2014,10,-9.328021,0.37341055,-0.5388553318281102,-0.12709828322484684,0.3333333333333333,0.3333333333333333,0.8333333333333333,0.30555555555555547,2.125814583693911,0.5527707983925666,-9.3242,-9.245993,-9.26689,-9.581055
2014,11,-9.47072,0.385522,-0.4919927132479035,-0.3171516190113164,0.3333333333333333,0.3333333333333333,0.8333333333333331,0.4722222222222221,1.584962500721156,0.6871842709362767,-9.328021,-9.3242,-9.245993,-9.26689
2014,12,-9.509307,0.41778964,-0.775331157167501,-0.04716679854064809,0.3333333333333333,0.3333333333333333,0.8333333333333331,0.4722222222222221,1.584962500721156,0.6871842709362767,-9.47072,-9.328021,-9.3242,-9.245993
2015,1,-9.584839,0.40840593,-0.8897769324377492,0.0002477197575498913,0.33333333333333337,0.33333333333333337,0.8333333333333335,0.5000000000000001,1.2516291673878228,0.7071067811865476,-9.509307,-9.47072,-9.328021,-9.3242
2015,2,-9.6546,0.38997883,-0.7006893048260087,-0.16260549932288004,0.33333333333333337,0.33333333333333337,0.8333333333333335,0.5000000000000001,1.2516291673878228,0.7071067811865476,-9.584839,-9.509307,-9.47072,-9.328021
2015,3,-9.764988,0.37809768,-1.064140222981856,0.2830601323152706,0.33333333333333337,0.33333333333333337,0.8333333333333335,0.5000000000000001,1.2516291673878228,0.7071067811865476,-9.6546,-9.584839,-9.509307,-9.47072
2015,4,-9.705769,0.37052578,-0.9494659571556886,-0.10030913172687983,0.33333333333333337,0.33333333333333337,0.8333333333333335,0.5000000000000001,1.2516291673878228,0.7071067811865476,-9.764988,-9.6546,-9.584839,-9.509307
2015,5,-9.806221,0.37464452,-0.8400775749081496,-0.19938803261477123,0.33333333333333337,0.33333333333333337,0.8333333333333335,0.5000000000000001,1.2516291673878228,0.7071067811865476,-9.705769,-9.764988,-9.6546,-9.584839
2015,6,-9.74564,0.35720724,-0.9324408456549331,-0.10070078048668307,0.33333333333333337,0.33333333333333337,0.8333333333333335,0.5000000000000001,1.2516291673878228,0.7071067811865476,-9.806221,-9.705769,-9.764988,-9.6546
2015,7,-9.3433895,0.35009575,-1.1286205035097736,0.18641659760405593,0.3333333333333333,0.3333333333333333,0.8333333333333331,0.4722222222222221,1.584962500721156,0.6871842709362767,-9.74564,-9.806221,-9.705769,-9.764988
2015,8,-9.219805,0.31213453,-1.159849266594375,0.29331515406303454,0.16666666666666666,0.16666666666666666,0.9166666666666665,0.48611111111111105,1.4182958340544896,0.6972166887783963,-9.3433895,-9.74564,-9.806221,-9.705769
2015,9,-9.253584,0.3661832,-0.9801273191681084,0.22577132676681622,0.3333333333333333,0.3333333333333333,0.8333333333333331,0.4722222222222221,1.584962500721156,0.6871842709362767,-9.219805,-9.3433895,-9.74564,-9.806221
2015,10,-9.312591,0.37786907,-0.8688964921843525,0.15033895806617448,0.3333333333333333,0.3333333333333333,0.8333333333333333,0.30555555555555547,2.125814583693911,0.5527707983925666,-9.253584,-9.219805,-9.3433895,-9.74564
2015,11,-9.327903,0.38572392,-0.9966024420536758,-0.007917621757240756,0.3333333333333333,0.3333333333333333,0.8333333333333331,0.4722222222222221,1.584962500721156,0.6871842709362767,-9.312591,-9.253584,-9.219805,-9.3433895
2015,12,-9.323664,0.4043047,-0.836941506699311,-0.16731336040359812,0.3333333333333333,0.3333333333333333,0.8333333333333333,0.30555555555555547,2.125814583693911,0.5527707983925666,-9.327903,-9.312591,-9.253584,-9.219805
2016,1,-9.428007,0.3412774,-0.9240816671938176,0.24765268729502266,0.3333333333333333,0.3333333333333333,0.8333333333333331,0.4722222222222221,1.584962500721156,0.6871842709362767,-9.323664,-9.327903,-9.312591,-9.253584
2016,2,-9.490541,0.36559957,-1.0597903757910123,0.2772907530967581,0.16666666666666666,0.16666666666666666,0.9166666666666666,0.7083333333333334,0.8166890883150209,0.8416254115301732,-9.428007,-9.323664,-9.327903,-9.312591
2016,3,-9.44661,0.32571337,-0.8263473990252438,0.09388805872369943,0.16666666666666666,0.16666666666666666,0.9166666666666666,0.7083333333333334,0.8166890883150209,0.8416254115301732,-9.490541,-9.428007,-9.323664,-9.327903
2016,4,-9.526022,0.33485588,-1.0801545712647502,-0.017141685548301755,0.16666666666666666,0.16666666666666666,0.9166666666666666,0.7083333333333334,0.8166890883150209,0.8416254115301732,-9.44661,-9.490541,-9.428007,-9.323664
2016,5,-9.606389,0.36340827,-1.0956379771976812,0.17918201312314208,0.33333333333333337,0.33333333333333337,0.8333333333333335,0.5000000000000001,1.2516291673878228,0.7071067811865476,-9.526022,-9.44661,-9.490541,-9.428007
2016,6,-9.486668,0.35359034,-0.917700775145306,0.003865640956526306,0.16666666666666666,0.16666666666666666,0.9166666666666666,0.7083333333333334,0.8166890883150209,0.8416254115301732,-9.606389,-9.526022,-9.44661,-9.490541
2016,7,-9.470138,0.3524168,-0.8787657656428491,0.018931305621218808,0.3333333333333333,0.3333333333333333,0.8333333333333331,0.4722222222222221,1.584962500721156,0.6871842709362767,-9.486668,-9.606389,-9.526022,-9.44661
2016,8,-9.377844,0.36015734,-0.653968869612888,-0.14722693972909928,0.3333333333333333,0.3333333333333333,0.8333333333333331,0.4722222222222221,1.584962500721156,0.6871842709362767,-9.470138,-9.486668,-9.606389,-9.526022
2016,9,-9.412434,0.3259611,-0.6847050709325828,-0.16542124700286198,0.3333333333333333,0.3333333333333333,0.8333333333333331,0.4722222222222221,1.584962500721156,0.6871842709362767,-9.377844,-9.470138,-9.486668,-9.606389
2016,10,-9.330265,0.38244304,-0.5967747838223211,-0.17738724766655034,0.3333333333333333,0.3333333333333333,0.8333333333333333,0.30555555555555547,2.125814583693911,0.5527707983925666,-9.412434,-9.377844,-9.470138,-9.486668
2016,11,-9.328003,0.352685,-0.42287523479980194,-0.3722798635153515,0.3333333333333333,0.3333333333333333,0.8333333333333333,0.30555555555555547,2.125814583693911,0.5527707983925666,-9.330265,-9.412434,-9.377844,-9.470138
2016,12,-9.404046,0.36250475,-0.8400998641023579,0.09887400918056555,0.3333333333333333,0.3333333333333333,0.8333333333333331,0.4722222222222221,1.584962500721156,0.6871842709362767,-9.328003,-9.330265,-9.412434,-9.377844
2017,1,-9.566177,0.3565846,-0.4633078852848404,-0.4221864159976261,0.16666666666666666,0.16666666666666666,0.9166666666666666,0.7083333333333334,0.8166890883150209,0.8416254115301732,-9.404046,-9.328003,-9.330265,-9.412434
2017,2,-9.595951,0.37443876,-0.613499653639125,-0.20773488382608463,0.16666666666666666,0.16666666666666666,0.9166666666666666,0.7083333333333334,0.8166890883150209,0.8416254115301732,-9.566177,-9.404046,-9.328003,-9.330265
2017,3,-9.538379,0.37823105,-1.0744237176037728,0.43419334109950736,0.16666666666666666,0.16666666666666666,0.9166666666666666,0.7083333333333334,0.8166890883150209,0.8416254115301732,-9.595951,-9.566177,-9.404046,-9.328003
2017,4,-9.553871,0.38975057,-0.987743474010457,-0.01743274867452671,0.33333333333333337,0.33333333333333337,0.8333333333333335,0.5000000000000001,1.2516291673878228,0.7071067811865476,-9.538379,-9.595951,-9.566177,-9.404046
2017,5,-9.740149,0.41734067,-0.9249011494934875,-0.07449379814727797,0.33333333333333337,0.33333333333333337,0.8333333333333335,0.5000000000000001,1.2516291673878228,0.7071067811865476,-9.553871,-9.538379,-9.595951,-9.566177
2017,6,-9.707457,0.36763254,-0.714036416680115,-0.2290033903722013,0.33333333333333337,0.33333333333333337,0.8333333333333335,0.5000000000000001,1.2516291673878228,0.7071067811865476,-9.740149,-9.553871,-9.538379,-9.595951
2017,7,-9.402853,0.35260102,-1.023325548573287,0.040990662728796146,0.3333333333333333,0.3333333333333333,0.8333333333333331,0.4722222222222221,1.584962500721156,0.6871842709362767,-9.707457,-9.740149,-9.553871,-9.538379
2017,8,-9.333886,0.3333055,-1.0295218064199076,0.17920432538446862,0.3333333333333333,0.3333333333333333,0.8333333333333331,0.4722222222222221,1.584962500721156,0.6871842709362767,-9.402853,-9.707457,-9.740149,-9.553871
2017,9,-9.368941,0.35179043,-1.182059005946259,0.36365796734855804,0.3333333333333333,0.3333333333333333,0.8333333333333331,0.4722222222222221,1.584962500721156,0.6871842709362767,-9.333886,-9.402853,-9.707457,-9.740149
2017,10,-9.285393,0.3645974,-1.0760567586857406,0.11196333901561584,0.3333333333333333,0.3333333333333333,0.8333333333333333,0.30555555555555547,2.125814583693911,0.5527707983925666,-9.368941,-9.333886,-9.402853,-9.707457
2017,11,-9.402722,0.36046997,-0.7605588950477995,-0.13357712527083176,0.3333333333333333,0.3333333333333333,0.8333333333333331,0.4722222222222221,1.584962500721156,0.6871842709362767,-9.285393,-9.368941,-9.333886,-9.402853
2017,12,-9.48392,0.3698359,-0.9269985729224123,0.2893336335928778,0.3333333333333333,0.3333333333333333,0.8333333333333331,0.4722222222222221,1.584962500721156,0.6871842709362767,-9.402722,-9.285393,-9.368941,-9.333886
2018,1,-9.653373,0.3893973,-0.6524980711033509,-0.22649635468578921,0.33333333333333337,0.33333333333333337,0.8333333333333335,0.5000000000000001,1.2516291673878228,0.7071067811865476,-9.48392,-9.402722,-9.285393,-9.368941
2018,2,-9.728556,0.3600024,-0.661001604960721,-0.20821152043980362,0.33333333333333337,0.33333333333333337,0.8333333333333335,0.5000000000000001,1.2516291673878228,0.7071067811865476,-9.653373,-9.48392,-9.402722,-9.285393
2018,3,-9.712621,0.36331528,-0.9508673025051767,-0.059277289186934645,0.33333333333333337,0.33333333333333337,0.8333333333333335,0.5000000000000001,1.2516291673878228,0.7071067811865476,-9.728556,-9.653373,-9.48392,-9.402722
2018,4,-9.617458,0.33775482,-1.012042584404901,0.28485475844119756,0.16666666666666666,0.16666666666666666,0.9166666666666666,0.7083333333333334,0.8166890883150209,0.8416254115301732,-9.712621,-9.728556,-9.653373,-9.48392
2018,5,-9.7669325,0.37909034,-0.9170565147864667,-0.10018906786833703,0.33333333333333337,0.33333333333333337,0.8333333333333335,0.5000000000000001,1.2516291673878228,0.7071067811865476,-9.617458,-9.712621,-9.728556,-9.653373
2018,6,-9.583827,0.37982354,-0.8434979760125983,-0.24270259410744632,0.33333333333333337,0.33333333333333337,0.8333333333333335,0.5000000000000001,1.2516291673878228,0.7071067811865476,-9.7669325,-9.617458,-9.712621,-9.728556
2018,7,-9.377601,0.31820035,-0.883349767562356,0.23293485833654115,0.3333333333333333,0.3333333333333333,0.8333333333333331,0.4722222222222221,1.584962500721156,0.6871842709362767,-9.583827,-9.7669325,-9.617458,-9.712621
2018,8,-9.3206,0.41999418,-0.744169696246206,-0.15966450579065983,0.3333333333333333,0.3333333333333333,0.8333333333333333,0.30555555555555547,2.125814583693911,0.5527707983925666,-9.377601,-9.583827,-9.7669325,-9.617458
2018,9,-9.455965,0.373754,-1.0267487414926617,0.13209242236368812,0.3333333333333333,0.3333333333333333,0.8333333333333331,0.4722222222222221,1.584962500721156,0.6871842709362767,-9.3206,-9.377601,-9.583827,-9.7669325
2018,10,-9.582655,0.36288267,-0.7202105789643107,-0.04771740486389531,0.16666666666666666,0.16666666666666666,0.9166666666666666,0.7083333333333334,0.8166890883150209,0.8416254115301732,-9.455965,-9.3206,-9.377601,-9.583827
2018,11,-9.481666,0.3548261,-0.9617004724464423,0.02376940837729702,0.16666666666666666,0.16666666666666666,0.9166666666666666,0.7083333333333334,0.8166890883150209,0.8416254115301732,-9.582655,-9.455965,-9.3206,-9.377601
2018,12,-9.326859,0.38343576,-0.9038009603369728,0.16152702677554798,0.3333333333333333,0.3333333333333333,0.8333333333333333,0.30555555555555547,2.125814583693911,0.5527707983925666,-9.481666,-9.582655,-9.455965,-9.3206
2019,1,-9.67733,0.36412695,-0.5097063974349925,-0.20823147243185236,0.16666666666666666,0.16666666666666666,0.9166666666666666,0.7083333333333334,0.8166890883150209,0.8416254115301732,-9.326859,-9.481666,-9.582655,-9.455965
2019,2,-9.751328,0.35519952,-0.9702068848157133,0.0032831586864765505,0.33333333333333337,0.33333333333333337,0.8333333333333335,0.5000000000000001,1.2516291673878228,0.7071067811865476,-9.67733,-9.326859,-9.481666,-9.582655
2019,3,-9.81964,0.3425343,-1.0176925614557755,0.22180415988099966,0.33333333333333337,0.33333333333333337,0.8333333333333335,0.5000000000000001,1.2516291673878228,0.7071067811865476,-9.751328,-9.67733,-9.326859,-9.481666
2019,4,-9.910232,0.37890816,-0.8453968843238344,-0.1165883058856294,0.33333333333333337,0.33333333333333337,0.8333333333333335,0.5000000000000001,1.2516291673878228,0.7071067811865476,-9.81964,-9.751328,-9.67733,-9.326859
2019,5,-9.820557,0.3133078,-1.0502789358490012,0.3607894855732683,0.33333333333333337,0.33333333333333337,0.8333333333333335,0.5000000000000001,1.2516291673878228,0.7071067811865476,-9.910232,-9.81964,-9.751328,-9.67733
2019,6,-9999.0,0.0,,,0.0,0.0,1.0,1.0,-0.0,1.0,-9.820557,-9.910232,-9.81964,-9.751328
2019,7,-9.608552,0.32681918,-0.7915247905953339,-0.44569791634999856,0.33333333333333337,0.33333333333333337,0.8333333333333335,0.5000000000000001,1.2516291673878228,0.7071067811865476,-9999.0,-9.820557,-9.910232,-9.81964
2019,8,-9.568023,0.35939878,-0.9891880991252777,0.17506950978348756,0.16666666666666666,0.16666666666666666,0.9166666666666666,0.7083333333333334,0.8166890883150209,0.8416254115301732,-9.608552,-9999.0,-9.820557,-9.910232
2019,9,-9.416138,0.3858558,-0.9805035521055884,-0.15790117584047314,0.3333333333333333,0.3333333333333333,0.8333333333333331,0.4722222222222221,1.584962500721156,0.6871842709362767,-9.568023,-9.608552,-9999.0,-9.820557
2019,10,-9.204491,0.36815098,-1.1717220407770805,0.2632105741358264,0.5,0.5,0.75,0.20833333333333331,2.4182958340544896,0.4564354645876384,-9.416138,-9.568023,-9.608552,-9999.0
2019,11,-9.225362,0.26352575,-0.6103570164714968,-0.410921969701171,0.16666666666666666,0.16666666666666666,0.9166666666666665,0.48611111111111105,1.4182958340544896,0.6972166887783963,-9.204491,-9.416138,-9.568023,-9.608552
2019,12,-9.315615,0.3193819,-0.9485318216181207,0.1634783163279674,0.3333333333333333,0.3333333333333333,0.8333333333333331,0.4722222222222221,1.584962500721156,0.6871842709362767,-9.225362,-9.204491,-9.416138,-9.568023
2020,1,-9.667303,0.28339994,-0.883739165150281,0.18411044057793902,0.16666666666666666,0.16666666666666666,0.9166666666666666,0.7083333333333334,0.8166890883150209,0.8416254115301732,-9.315615,-9.225362,-9.204491,-9.416138
2020,2,-9.7800255,0.32954022,-1.052425702904231,0.3139115886470081,0.33333333333333337,0.33333333333333337,0.8333333333333335,0.5000000000000001,1.2516291673878228,0.7071067811865476,-9.667303,-9.315615,-9.225362,-9.204491
2020,3,-9.662815,0.322489,-1.2504786637834497,0.7018194027301488,0.16666666666666666,0.16666666666666666,0.9166666666666666,0.7083333333333334,0.8166890883150209,0.8416254115301732,-9.7800255,-9.667303,-9.315615,-9.225362
2020,4,-9.699369,0.30942523,-1.040840915058649,0.45781392777127206,0.16666666666666666,0.16666666666666666,0.9166666666666666,0.7083333333333334,0.8166890883150209,0.8416254115301732,-9.662815,-9.7800255,-9.667303,-9.315615
2020,5,-9.618473,0.32084712,-0.9934934766614212,0.2415465576418816,0.16666666666666666,0.16666666666666666,0.9166666666666666,0.7083333333333334,0.8166890883150209,0.8416254115301732,-9.699369,-9.662815,-9.7800255,-9.667303
2020,6,-9.354208,0.2846042,-0.8653702608911796,0.2622220883282731,0.16666666666666666,0.16666666666666666,0.9166666666666666,0.7083333333333334,0.8166890883150209,0.8416254115301732,-9.618473,-9.699369,-9.662815,-9.7800255
2020,7,-9.299584,0.27699897,-0.9931935454128569,0.4453100777816479,0.16666666666666666,0.16666666666666666,0.9166666666666666,0.7083333333333334,0.8166890883150209,0.8416254115301732,-9.354208,-9.618473,-9.699369,-9.662815
2020,8,-9.177175,0.32435253,-1.300931042282623,0.6957654775506623,0.3333333333333333,0.3333333333333333,0.8333333333333334,0.33333333333333337,1.792481250360578,0.5773502691896258,-9.299584,-9.354208,-9.618473,-9.699369
2020,9,-9.253255,0.33567837,-1.1608526641293184,0.3846145191966479,0.3333333333333333,0.3333333333333333,0.8333333333333333,0.30555555555555547,2.125814583693911,0.5527707983925666,-9.177175,-9.299584,-9.354208,-9.618473
2020,10,-9.099824,0.3388793,-0.7841086252910712,0.03858590054356359,0.16666666666666666,0.16666666666666666,0.9166666666666666,0.375,1.6258145836939115,0.6123724356957945,-9.253255,-9.177175,-9.299584,-9.354208
2020,11,-9.206432,0.3207493,-0.8501983456704494,0.04682205723939292,0.16666666666666666,0.16666666666666666,0.9166666666666665,0.48611111111111105,1.4182958340544896,0.6972166887783963,-9.099824,-9.253255,-9.177175,-9.299584
2020,12,-9.330068,0.33911228,-0.6610508783893565,-0.08874815943960712,0.3333333333333333,0.3333333333333333,0.8333333333333333,0.30555555555555547,2.125814583693911,0.5527707983925666,-9.206432,-9.099824,-9.253255,-9.177175
